branch,total_item_sales,unique_customers_items,unique_items_sold,monthly_mean,monthly_cv,growth_mom_last,delivery_share,table_share,takeaway_share,customer_total_spend,customer_avg_order_value
Conut,,,,778973128.572,0.6457395209786575,-0.9497563385914469,0.0025103172397183482,0.9478702385218656,0.04961944423841612,521580985.29,2256344.155532286
Conut - Tyre,10123135.1,7.0,39.0,1035377151.15,0.6486402934982824,-0.09324335035556873,0.0384802277309551,,0.9615197722690448,236209888.1,2654043.686516854
Conut Jnah,333099431.73,97.0,139.0,1137869256.046,0.8753116576541431,2.0371813459681056,,1.0,,663016299.19,2697774.4939327487
Main Street Coffee,55637044.81,15.0,65.0,1328045342.5875,0.9361726550426772,1.624093971157344,,1.0,,,
