branch,menu,customers,sales,avg_customer,sales_share
Conut - Tyre,DELIVERY,79.0,196978675.52,2493400.96,0.0384802277309551
Conut - Tyre,TAKE AWAY,3038.0,4921979478.71,1620138.08,0.9615197722690448
Conut,DELIVERY,6.0,9745702.7,1624283.79,0.0025103172397183482
Conut,TABLE,2609.0,3679878143.15,1410455.4,0.9478702385218656
Conut,TAKE AWAY,129.0,192635553.8,1493298.87,0.04961944423841612
Conut Jnah,TABLE,5045.0,5669069616.74,1123700.62,1.0
Main Street Coffee,TABLE,3640.0,5271762462.21,1448286.39,1.0
