mean,std,min,max,cv
1328045342.5875,1243279734.3872018,145842540.35,3074216293.59,0.9361726550426772
1137869256.046,995990224.7033108,363540268.13,2878191130.49,0.8753116576541431
1035377151.15,671587339.2033515,444800810.51,2100816729.45,0.6486402934982824
778973128.572,503013734.8993295,67887513.35,1351165728.11,0.6457395209786575
